method,buffer_m,num_boreholes,num_total_tokens,num_valid_tokens,num_eval_tokens,accuracy,kappa,nll,brier,ece,mean_confidence,mean_total_uncertainty,mean_aleatoric_uncertainty,mean_epistemic_uncertainty,mean_total_uncertainty_correct,mean_total_uncertainty_error,mean_epistemic_uncertainty_correct,mean_epistemic_uncertainty_error,error_auroc_total_uncertainty,error_auprc_total_uncertainty,error_auroc_epistemic,error_auprc_epistemic,accuracy_at_100pct_coverage,risk_at_100pct_coverage,accuracy_at_95pct_coverage,risk_at_95pct_coverage,accuracy_at_90pct_coverage,risk_at_90pct_coverage,accuracy_at_80pct_coverage,risk_at_80pct_coverage,accuracy_at_70pct_coverage,risk_at_70pct_coverage,accuracy_at_50pct_coverage,risk_at_50pct_coverage,aurc,space,error_auroc_confidence_complement,error_auprc_confidence_complement,error_auroc_predictive_entropy,error_auprc_predictive_entropy,error_auroc_expected_within_view_entropy,error_auprc_expected_within_view_entropy,error_auroc_between_view_mi,error_auprc_between_view_mi,error_auroc_support_distance,error_auprc_support_distance,support_distance_spearman_entropy,support_distance_spearman_mi
deep_ensemble,0,95.0,4560.0,1840.0,1840.0,0.7760869565217391,0.7006736107272311,0.6428518002474969,0.3244288815311505,0.0640580581906049,0.8382839330512545,0.422642377238093,0.41662690936203073,0.006015467876062237,0.35531368988946976,0.6560049149415736,0.004648955006032343,0.010751828017816335,0.7730395556280766,0.4668535160706917,0.7167027004976749,0.405253829572614,0.7760869565217391,0.2239130434782609,0.7923340961098398,0.20766590389016015,0.8073671497584541,0.19263285024154586,0.8478260869565217,0.15217391304347827,0.8788819875776398,0.1211180124223602,0.908695652173913,0.09130434782608698,0.09633278959844649,,,,,,,,,,,,,
deep_ensemble,50,95.0,4560.0,1840.0,1840.0,0.7429347826086956,0.6566375954847481,0.7114635004210144,0.36596963363916496,0.08627515274869357,0.8292099353573893,0.44418220049144863,0.4377244062640745,0.006457794227374104,0.3707400197776385,0.65643476082079,0.004558662834884478,0.011946404403977318,0.7605054818269974,0.4889331622519559,0.7303380343988705,0.49799523597561546,0.7429347826086956,0.2570652173913044,0.7597254004576659,0.2402745995423341,0.7747584541062802,0.2252415458937198,0.8145380434782609,0.18546195652173914,0.8416149068322981,0.15838509316770188,0.8902173913043478,0.10978260869565215,0.11933932534618977,,,,,,,,,,,,,
deep_ensemble,100,95.0,4560.0,1840.0,1840.0,0.6831521739130435,0.5763984867989798,0.9090981123162325,0.4619110214826884,0.12463048455183923,0.8074993241578341,0.4924558398588409,0.4829480518966549,0.009507787962185942,0.4208815998185497,0.6467762853659523,0.007443332699569774,0.013958937645047905,0.7013172204778455,0.4799018631766619,0.6879253197531219,0.4724854170026489,0.6831521739130435,0.3168478260869565,0.6945080091533181,0.3054919908466819,0.7089371980676329,0.2910628019323671,0.7323369565217391,0.26766304347826086,0.7546583850931677,0.24534161490683226,0.8119565217391305,0.18804347826086953,0.18516282239636578,,,,,,,,,,,,,
deep_ensemble,150,95.0,4560.0,1840.0,1840.0,0.6505434782608696,0.5304380612194275,1.0022770515426638,0.5152003197033409,0.14551434123321721,0.7960578194940867,0.5149373578426489,0.5024441354419611,0.012493222400687747,0.45353812470280547,0.6292373299552345,0.01021940383045566,0.016726131931897405,0.6553020706249814,0.4911688535537971,0.6262234123411172,0.4639336343883431,0.6505434782608696,0.34945652173913044,0.6670480549199085,0.3329519450800915,0.6739130434782609,0.32608695652173914,0.6936141304347826,0.3063858695652174,0.7158385093167702,0.2841614906832298,0.758695652173913,0.241304347826087,0.23544601655487996,,,,,,,,,,,,,
deep_ensemble,200,95.0,4560.0,1840.0,1840.0,0.4717391304347826,0.29147923438493484,1.6764032719146433,0.7727961420217914,0.29522364212443,0.7669627725592126,0.5889324271378269,0.568374248443718,0.02055817869410886,0.5455230455985078,0.6276971834918691,0.018285767108734117,0.02258745159133651,0.566128084049231,0.6012174319705059,0.5698818057689026,0.5806742840945411,0.4717391304347826,0.5282608695652173,0.482837528604119,0.517162471395881,0.49094202898550726,0.5090579710144927,0.4952445652173913,0.5047554347826086,0.4968944099378882,0.5031055900621118,0.5141304347826087,0.48586956521739133,0.4588113356074835,,,,,,,,,,,,,
deep_ensemble,250,95.0,4560.0,1840.0,1840.0,0.3184782608695652,0.08981892313227013,3.1786131824393213,1.0728905495244399,0.45607360697796806,0.7745518678475334,0.5857894729336967,0.5561463022212315,0.02964317071246505,0.5677174985910998,0.5942345901304764,0.026499716894790075,0.03111212122056516,0.5154549809211206,0.7091369749138081,0.5242017353343023,0.7086912833829129,0.3184782608695652,0.6815217391304348,0.32723112128146453,0.6727688787185355,0.3285024154589372,0.6714975845410628,0.33016304347826086,0.6698369565217391,0.3330745341614907,0.6669254658385093,0.33369565217391306,0.6663043478260869,0.6701546157644784,,,,,,,,,,,,,
llla,0,,,,1840.0,0.7657608695652174,0.6869520456829589,0.6728074488345513,0.3263281062556652,0.024485840162505258,0.7803202203758385,0.6432925013977143,0.48774516883549157,0.15554733258449352,,,,,0.7647918008032553,0.4551783100042538,0.6577915587398873,0.3522522700033438,0.7657608695652174,0.23423913043478262,0.7808924485125858,0.21910755148741423,0.7971014492753623,0.2028985507246377,0.8240489130434783,0.17595108695652173,0.8555900621118012,0.14440993788819878,0.9108695652173913,0.08913043478260874,0.09899634056772588,,,,,,,,,,,,,
llla,50,,,,1840.0,0.741304347826087,0.6542646314028486,0.7407641006659285,0.3639977772146214,0.026182848328481542,0.7651108111214379,0.684022921550533,0.5097758026074861,0.17424711891672695,,,,,0.7345409571453215,0.45813775983373506,0.639026651716405,0.3590081308877252,0.741304347826087,0.258695652173913,0.755720823798627,0.24427917620137296,0.7693236714975845,0.23067632850241548,0.8002717391304348,0.1997282608695652,0.8237577639751553,0.17624223602484468,0.8728260869565218,0.12717391304347825,0.12470348177418664,,,,,,,,,,,,,
llla,100,,,,1840.0,0.6896739130434782,0.5854891207859073,0.9393119795934862,0.4554649380146222,0.06932053881818834,0.7288052770916534,0.7669125353330342,0.5453562118938071,0.22155632348579313,,,,,0.67419496852742,0.43271921887507664,0.6189478594367366,0.38419564388239796,0.6896739130434782,0.31032608695652175,0.6979405034324943,0.30205949656750575,0.7101449275362319,0.28985507246376807,0.7309782608695652,0.2690217391304348,0.7445652173913043,0.2554347826086957,0.8032608695652174,0.19673913043478264,0.18828243985014226,,,,,,,,,,,,,
llla,150,,,,1840.0,0.6407608695652174,0.519401899884616,1.0256193363217583,0.5050518804312728,0.06887959518834301,0.6881283114623764,0.8680199025401278,0.5670662301835483,0.3009536720812321,,,,,0.627522234155718,0.4608082910169802,0.5708458282166866,0.3984652279890252,0.6407608695652174,0.3592391304347826,0.6475972540045767,0.3524027459954233,0.6545893719806763,0.34541062801932365,0.6623641304347826,0.3376358695652174,0.6909937888198758,0.30900621118012417,0.725,0.275,0.2500753891419651,,,,,,,,,,,,,
llla,200,,,,1840.0,0.4668478260869565,0.2890671586239164,1.5295321779514606,0.7267319437910784,0.17512472472760987,0.6240157622682012,1.017818147405658,0.5964986621584419,0.42131948520267465,,,,,0.5486323973897533,0.5795721924903293,0.5401641669010382,0.5675010236538265,0.4668478260869565,0.5331521739130435,0.4759725400457666,0.5240274599542334,0.4782608695652174,0.5217391304347826,0.485054347826087,0.5149456521739131,0.484472049689441,0.515527950310559,0.4967391304347826,0.5032608695652174,0.46957201740738297,,,,,,,,,,,,,
llla,250,,,,1840.0,0.3108695652173913,0.08589303422063366,2.3401673263931233,0.9519717787893219,0.28497168216044494,0.5958412473778362,1.0925174152478576,0.5537009943600582,0.5388164203897442,,,,,0.5208452824777746,0.7236435138047927,0.5262072312545498,0.7250653696623556,0.3108695652173913,0.6891304347826087,0.3157894736842105,0.6842105263157895,0.3242753623188406,0.6757246376811594,0.3328804347826087,0.6671195652173914,0.3361801242236025,0.6638198757763976,0.3217391304347826,0.6782608695652175,0.7005901536894453,,,,,,,,,,,,,
mc_dropout,0,95.0,4560.0,1840.0,1840.0,0.7684782608695652,0.6902265088238259,0.6227266842264446,0.32080073887853533,0.028382936946075906,0.7968049841568522,0.5396251128009601,0.50342126903276,0.0362038437682001,0.4680669413770179,0.7771444893114163,0.03056985665708143,0.05490444887411981,0.7775489571089905,0.47080647994949487,0.755715813029995,0.4331183805903621,0.7684782608695652,0.23152173913043483,0.7866132723112128,0.2133867276887872,0.8013285024154589,0.19867149758454106,0.8403532608695652,0.1596467391304348,0.8734472049689441,0.12655279503105588,0.9206521739130434,0.07934782608695656,0.09867767290835097,,,,,,,,,,,,,
mc_dropout,50,95.0,4560.0,1840.0,1840.0,0.7418478260869565,0.6547015894789076,0.6821696711185632,0.3566925906285258,0.04817344303364337,0.7877838936188947,0.5598472590340585,0.5212282583006131,0.03861900073344531,0.48514435175096704,0.7745198241738896,0.03265896778171638,0.055746253321045276,0.7572253711201079,0.48687190741411224,0.7331706188548294,0.4363356170918587,0.7418478260869565,0.25815217391304346,0.7585812356979404,0.24141876430205955,0.7753623188405797,0.2246376811594203,0.8077445652173914,0.19225543478260865,0.8385093167701864,0.16149068322981364,0.8869565217391304,0.11304347826086958,0.12125548294500645,,,,,,,,,,,,,
mc_dropout,100,95.0,4560.0,1840.0,1840.0,0.6885869565217392,0.583193978941476,0.8619722172481695,0.4470719208185318,0.08953672864514847,0.7668933981462666,0.6043423509534003,0.5623480871167925,0.04199426383660778,0.532443614355373,0.763322628910993,0.03623314750996055,0.05473306730233557,0.6956601390375363,0.48220542306374825,0.6799767490230596,0.44656046029564156,0.6885869565217392,0.3114130434782608,0.7030892448512586,0.29691075514874143,0.7137681159420289,0.28623188405797106,0.7432065217391305,0.2567934782608695,0.7624223602484472,0.23757763975155277,0.8108695652173913,0.18913043478260871,0.18579815308708783,,,,,,,,,,,,,
mc_dropout,150,95.0,4560.0,1840.0,1840.0,0.6413043478260869,0.518971397335805,0.9347639601164507,0.5006022451471421,0.11295581850344721,0.7542601663295342,0.629512645043534,0.5849240991863949,0.04458854585713905,0.5593029724631332,0.7550390293539474,0.03892417736588262,0.054715750129385385,0.6681471494607087,0.4964200181442911,0.6519215459681562,0.4784231540785263,0.6413043478260869,0.3586956521739131,0.6498855835240275,0.3501144164759725,0.6618357487922706,0.3381642512077294,0.6908967391304348,0.3091032608695652,0.7127329192546584,0.2872670807453416,0.7565217391304347,0.24347826086956526,0.23303355874064402,,,,,,,,,,,,,
mc_dropout,200,95.0,4560.0,1840.0,1840.0,0.4652173913043478,0.28336714846969036,1.5586063278310534,0.7552513464757364,0.2654088785790879,0.7306262698834357,0.6911153088354142,0.6441453057979031,0.04697000303751096,0.643985954729109,0.7321140152530942,0.04296548154518421,0.0504536111649822,0.5679208456804195,0.5974039955485704,0.5707749221183801,0.5896418689338685,0.4652173913043478,0.5347826086956522,0.4742562929061785,0.5257437070938216,0.47946859903381644,0.5205314009661836,0.48777173913043476,0.5122282608695652,0.4891304347826087,0.5108695652173914,0.4967391304347826,0.5032608695652174,0.4598014890237452,,,,,,,,,,,,,
mc_dropout,250,95.0,4560.0,1840.0,1840.0,0.32119565217391305,0.09263159972757162,2.971925573963204,1.045367699534537,0.42659041442624895,0.7469850045021461,0.657817990346508,0.6137391743022422,0.044078816044265764,0.6500305303478024,0.6615028493210757,0.041795669309479686,0.04515915208930865,0.5066997760645064,0.7032316995585206,0.5172970864000845,0.7078540673522319,0.32119565217391305,0.678804347826087,0.32608695652173914,0.6739130434782609,0.32910628019323673,0.6708937198067633,0.3383152173913043,0.6616847826086957,0.3447204968944099,0.65527950310559,0.32065217391304346,0.6793478260869565,0.6757529413109098,,,,,,,,,,,,,
subsample_ensemble,0,95.0,4560.0,1840.0,1840.0,0.778804347826087,0.7044023866325839,0.611407129561232,0.3155714489634242,0.05075128632395167,0.8276054649573306,0.443026060032223,0.40246349885406824,0.04056256117815471,0.37401424394140576,0.6860086950645107,0.029923657018402692,0.07802091415339954,0.7776884287700758,0.47906139598990055,0.7611889628637709,0.4647900744719047,0.778804347826087,0.22119565217391302,0.7951945080091534,0.20480549199084663,0.8158212560386473,0.1841787439613527,0.8457880434782609,0.15421195652173914,0.8827639751552795,0.11723602484472051,0.9206521739130434,0.07934782608695656,0.09233991377517294,,,,,,,,,,,,,
subsample_ensemble,50,95.0,4560.0,1840.0,1840.0,0.753804347826087,0.6713925603641522,0.6700526817793794,0.3483510426567213,0.06453734498632988,0.8183416928124169,0.46720945786826473,0.42304854270339054,0.04416091516487417,0.394783836432881,0.6889629610269341,0.0342901021469768,0.07438347069649372,0.7636138791140057,0.49522224355383726,0.7311228038344068,0.46419857533725184,0.753804347826087,0.24619565217391304,0.7740274599542334,0.2259725400457666,0.788647342995169,0.21135265700483097,0.8158967391304348,0.1841032608695652,0.8563664596273292,0.14363354037267084,0.9,0.09999999999999998,0.11290067346769318,,,,,,,,,,,,,
subsample_ensemble,100,95.0,4560.0,1840.0,1840.0,0.6945652173913044,0.5916126734030882,0.8525012954375639,0.4400887127176603,0.09869348508832249,0.7887767443676358,0.5318678627646042,0.47030323270085755,0.061564630063746656,0.463552524133823,0.6872184015015054,0.05031603606270566,0.08714417300561564,0.6970731068896574,0.4669492558012816,0.6835594428572225,0.4660167414538978,0.6945652173913044,0.3054347826086956,0.7082379862700229,0.2917620137299771,0.7216183574879227,0.2783816425120773,0.7404891304347826,0.2595108695652174,0.7670807453416149,0.23291925465838514,0.8228260869565217,0.1771739130434783,0.17899514756767015,,,,,,,,,,,,,
subsample_ensemble,150,95.0,4560.0,1840.0,1840.0,0.6478260869565218,0.5277394455121147,0.9510726663174908,0.5031362369073207,0.11734145899181783,0.7651675459483396,0.5840889681819017,0.4934833245432895,0.09060564368315362,0.5240093461837895,0.6946058037092933,0.0851112706649223,0.10071257676607293,0.6548841556881266,0.4915062550221784,0.5780822769077802,0.39631632675676864,0.6478260869565218,0.3521739130434782,0.6613272311212814,0.33867276887871856,0.6702898550724637,0.32971014492753625,0.6949728260869565,0.30502717391304346,0.7104037267080745,0.2895962732919255,0.7543478260869565,0.2456521739130435,0.2391267129597044,,,,,,,,,,,,,
subsample_ensemble,200,95.0,4560.0,1840.0,1840.0,0.47554347826086957,0.29592544010607913,1.6576110185901545,0.7757930022497185,0.25340880207393485,0.723078858755205,0.6802503516907682,0.5387211877559109,0.14152916394295575,0.6631221518175943,0.6957811028711073,0.14845682629517146,0.13524760481529902,0.5214590673575129,0.5506609615172313,0.4877714285714285,0.4937700984834802,0.47554347826086957,0.5244565217391304,0.4805491990846682,0.5194508009153318,0.47946859903381644,0.5205314009661836,0.48165760869565216,0.5183423913043479,0.48680124223602483,0.5131987577639752,0.4880434782608696,0.5119565217391304,0.4826351948346018,,,,,,,,,,,,,
subsample_ensemble,250,95.0,4560.0,1840.0,1840.0,0.31467391304347825,0.08086774539976316,2.965754943372701,1.0187261450130187,0.4004219802663378,0.715095893309816,0.7101665966637919,0.5173930156672293,0.1927735809560703,0.6892511436911959,0.7197701234450234,0.19090137378487973,0.1936332224724219,0.523720105900545,0.7251891630070668,0.4972696231710173,0.6984643591086985,0.31467391304347825,0.6853260869565218,0.3220823798627002,0.6779176201372998,0.3248792270531401,0.6751207729468599,0.3389945652173913,0.6610054347826086,0.3408385093167702,0.6591614906832298,0.3217391304347826,0.6782608695652175,0.6798269175915289,,,,,,,,,,,,,
tabicl_encoder_input,0,95.0,1840.0,1840.0,1840.0,0.7983695652173913,0.7296585525422131,0.6749836404768108,0.3009867531695446,0.0645741272059124,0.8562519744864606,0.3638717721913735,0.3551805604766896,0.0086912117146839,0.3066875062121638,0.5902968037909937,0.0075388019134087,0.0132542575315933,0.773263804153769,0.4012493030551758,0.7091737783005106,0.3193569610703592,0.7983695652173913,0.2016304347826086,0.8112128146453089,0.188787185354691,0.8278985507246377,0.1721014492753623,0.8566576086956522,0.1433423913043477,0.8850931677018633,0.1149068322981367,0.9391304347826088,0.0608695652173912,0.0848895318166887,encoder_input,0.772443619162604,0.4028377396057439,0.773263804153769,0.4012493030551758,0.7743005033036757,0.4030036842853809,0.7091737783005106,0.3193569610703592,0.5289917963152226,0.2549887187034584,0.1424074054739552,0.0591216746604354
tabicl_encoder_input,50,95.0,1840.0,1840.0,1840.0,0.7635869565217391,0.6818264212866233,0.7057533525793543,0.331701028853025,0.0690437067803983,0.8326306633021374,0.4245670255447673,0.41342496997383,0.0111420555709373,0.3548665418104422,0.6496915764567831,0.0094306602468354,0.0166696657556802,0.7809056325929561,0.4725013153779095,0.7131214463942406,0.3775886642742151,0.7635869565217391,0.2364130434782608,0.7803203661327232,0.2196796338672768,0.7946859903381642,0.2053140096618357,0.8254076086956522,0.1745923913043477,0.8571428571428571,0.1428571428571429,0.9260869565217392,0.0739130434782608,0.0956489524494651,encoder_input,0.7848128604736778,0.4927450406566863,0.7809056325929561,0.4725013153779095,0.7817826318157647,0.4711421827565196,0.7131214463942406,0.3775886642742151,0.511398535607641,0.2875319016401041,0.0505425165467797,-0.0135412830485317
tabicl_encoder_input,100,95.0,1840.0,1840.0,1840.0,0.6994565217391304,0.5930134888877867,0.9389550432657056,0.443383198145834,0.0875059380963587,0.7851392188796507,0.5387413696592825,0.5247120454740054,0.014029324185277,0.4809550329349645,0.6732278350556611,0.012452389529893,0.0176993330487114,0.6778003993193866,0.4497900277457951,0.6333722536254183,0.3926066271574184,0.6994565217391304,0.3005434782608696,0.709954233409611,0.290045766590389,0.7192028985507246,0.2807971014492754,0.7459239130434783,0.2540760869565217,0.7639751552795031,0.2360248447204969,0.8065217391304348,0.1934782608695652,0.1887572264371009,encoder_input,0.6835948861265317,0.4678564251766665,0.6778003993193866,0.4497900277457951,0.678767083830375,0.4484816474262114,0.6333722536254183,0.3926066271574184,0.4861566000806507,0.3152697882877677,-0.0863088532904529,-0.1131659593164022
tabicl_encoder_input,150,95.0,1840.0,1840.0,1840.0,0.6489130434782608,0.5214922690953827,1.0264434623020031,0.4995765601805392,0.0934953231849996,0.73658890125652,0.6541129369819972,0.6371154265897798,0.0169975103922173,0.6067189483967829,0.7417111140264955,0.0158132995362282,0.0191862840176833,0.6361762372232681,0.4656932428284576,0.5856695759499251,0.4080910081882337,0.6489130434782608,0.3510869565217391,0.6578947368421053,0.3421052631578947,0.6672705314009661,0.3327294685990338,0.6875,0.3125,0.7010869565217391,0.2989130434782608,0.7521739130434782,0.2478260869565217,0.2593184586300278,encoder_input,0.6438215328448227,0.4762257588552407,0.6361762372232681,0.4656932428284576,0.6366338918534882,0.4681846166399362,0.5856695759499251,0.4080910081882337,0.4617540748116226,0.3207217815555517,-0.016751510685727,-0.1365785454675883
tabicl_encoder_input,200,95.0,1840.0,1840.0,1840.0,0.5782608695652174,0.4316276536966653,1.2681823841891464,0.6010587532599072,0.1171482869099178,0.6608902831638064,0.8413255462067493,0.8228508371860946,0.0184747090206546,0.8233723820501198,0.8659417403596539,0.0172215457680822,0.0201929637896457,0.5407296430509263,0.4527170241094851,0.5540171304550034,0.4823927836664127,0.5782608695652174,0.4217391304347826,0.5812356979405034,0.4187643020594965,0.5857487922705314,0.4142512077294685,0.592391304347826,0.4076086956521739,0.593944099378882,0.4060559006211179,0.5945652173913043,0.4054347826086957,0.3865858038990402,encoder_input,0.5561124137663747,0.4767718242191,0.5407296430509263,0.4527170241094851,0.5382879718626462,0.4501777784405644,0.5540171304550034,0.4823927836664127,0.4348548562126967,0.4143673845173158,0.3083244623194736,-0.0668158535480787
tabicl_encoder_input,250,95.0,1840.0,1840.0,1840.0,0.3885869565217391,0.1816810406170836,2.025304437442168,0.833814747604525,0.2427353391641783,0.6194379479057849,0.9632244297258988,0.9462744594628878,0.0169499702630109,0.9843085969692896,0.9498242701000992,0.0177330192672923,0.0164522991180677,0.4752509712509712,0.5778351135836263,0.4633435897435897,0.5904034316023051,0.3885869565217391,0.6114130434782609,0.3781464530892448,0.6218535469107551,0.3713768115942029,0.6286231884057971,0.3716032608695652,0.6283967391304348,0.3757763975155279,0.6242236024844721,0.3760869565217391,0.6239130434782609,0.6319362336650083,encoder_input,0.5164767676767676,0.6161553580761119,0.4752509712509712,0.5778351135836263,0.4756214452214452,0.5789043552370716,0.4633435897435897,0.5904034316023051,0.4786685314685314,0.6361758681437105,0.251073650482529,-0.0027746467624629
tabicl_hidden,0,95.0,1840.0,1840.0,1840.0,0.7913043478260869,0.7214834506630023,0.8186608687978365,0.330781449421029,0.1153402223822945,0.9039587647769598,0.2424785136621442,0.2355015915451432,0.006976922117001,0.1877684979470651,0.4499206565818188,0.0053251036464303,0.0132400671512479,0.7769270117902931,0.418793169064626,0.7526077438186812,0.3972129625192042,0.7913043478260869,0.208695652173913,0.8037757437070938,0.1962242562929061,0.8194444444444444,0.1805555555555555,0.8519021739130435,0.1480978260869565,0.8858695652173914,0.1141304347826086,0.9358695652173912,0.0641304347826087,0.0829925234872218,hidden,0.7762580843635531,0.4246621945584234,0.7769270117902931,0.418793169064626,0.7770271720467032,0.417548872769675,0.7526077438186812,0.3972129625192042,0.6523008241758241,0.3993640514727845,0.3746089026157428,0.2875860076754511
tabicl_hidden,50,95.0,1840.0,1840.0,1840.0,0.7597826086956522,0.679775975480781,0.9165414759980334,0.376602287944843,0.1284896035225189,0.8850403374642333,0.2825966601169903,0.2742084533960692,0.008388206720921,0.2187601527794314,0.4845048892072786,0.0064636100310358,0.014475505753635,0.7630211873458529,0.4583490056003289,0.7360547388318154,0.4152968485048546,0.7597826086956522,0.2402173913043478,0.7740274599542334,0.2259725400457666,0.7910628019323671,0.2089371980676329,0.8165760869565217,0.1834239130434782,0.8486024844720497,0.1513975155279503,0.9119565217391304,0.0880434782608695,0.1035518393166567,hidden,0.7606033829840948,0.4650396526069935,0.7630211873458529,0.4583490056003289,0.7634905068002771,0.4561956972814481,0.7360547388318154,0.4152968485048546,0.6521549854672803,0.4272846335071407,0.4407673463267568,0.3455940280145917
tabicl_hidden,100,95.0,1840.0,1840.0,1840.0,0.6940217391304347,0.5939869368142368,1.1470114887800569,0.4774883923668342,0.1639615026855101,0.8540129293891291,0.365973858376961,0.3556908781959573,0.0102829801810038,0.3022339497620776,0.5105491040274163,0.0085313591146746,0.0142560176618249,0.6948345575706829,0.4582538281008665,0.6678327173896413,0.4235808331203682,0.6940217391304347,0.3059782608695652,0.7070938215102975,0.2929061784897024,0.717391304347826,0.2826086956521739,0.7438858695652174,0.2561141304347826,0.7624223602484472,0.2375776397515527,0.8119565217391305,0.1880434782608695,0.1784804120735366,hidden,0.6910345767653151,0.464616130028492,0.6948345575706829,0.4582538281008665,0.6951363862071268,0.4583848035145641,0.6678327173896413,0.4235808331203682,0.6424095661595852,0.4536482858640482,0.4969190802881107,0.4190955079466574
tabicl_hidden,150,95.0,1840.0,1840.0,1840.0,0.675,0.5676425018988727,1.1437095530944,0.5002206569494358,0.1602875368470383,0.8333303429232595,0.4153165433836209,0.4057967872369752,0.0095197561466456,0.3535101875258902,0.5436835901650617,0.0080720504879664,0.0125265294377487,0.6616499442586399,0.4528319156697253,0.6363562923109237,0.430088225844664,0.675,0.3249999999999999,0.6859267734553776,0.3140732265446224,0.6986714975845411,0.3013285024154589,0.7153532608695652,0.2846467391304348,0.7375776397515528,0.2624223602484472,0.7793478260869565,0.2206521739130434,0.2113840689131489,hidden,0.6640169324479344,0.4658499079601876,0.6616499442586399,0.4528319156697253,0.6617051470548635,0.4536626300494125,0.6363562923109237,0.430088225844664,0.5919503551828693,0.3990818866889034,0.5186834204420597,0.4289694674413596
tabicl_hidden,200,95.0,1840.0,1840.0,1840.0,0.5206521739130435,0.36260062464259,1.7995184143482443,0.7347147100018413,0.2763365925065575,0.7960746508111721,0.5091208685444809,0.4973460430996753,0.0117748254448055,0.4552052886612183,0.5676822353564599,0.0104923832453773,0.0131677728677673,0.5924119125729624,0.5560787919046712,0.5876956906631825,0.5372218944971349,0.5206521739130435,0.4793478260869565,0.528604118993135,0.471395881006865,0.533816425120773,0.466183574879227,0.5516304347826086,0.4483695652173913,0.5559006211180124,0.4440993788819876,0.5880434782608696,0.4119565217391304,0.3984353800164812,hidden,0.5896993452913525,0.550427360727839,0.5924119125729624,0.5560787919046712,0.5926036385326573,0.557075928985698,0.5876956906631825,0.5372218944971349,0.5419453794043714,0.5362709315648295,0.459305376017399,0.3299227673756837
tabicl_hidden,250,95.0,1840.0,1840.0,1840.0,0.3614130434782608,0.1507791267636946,3.17256819823777,1.0250261625256971,0.4280646739784088,0.7894777174566696,0.5546040106653626,0.5424065733821245,0.0121974372832381,0.5096108620310053,0.5800682181903393,0.0107845924352324,0.0129970473461519,0.541681011038234,0.7047205398811236,0.5355904655255159,0.6823683151228979,0.3614130434782608,0.6385869565217391,0.3741418764302059,0.625858123569794,0.3840579710144927,0.6159420289855073,0.3885869565217391,0.6114130434782609,0.3951863354037267,0.6048136645962733,0.391304347826087,0.6086956521739131,0.6350993437492896,hidden,0.5292414013757798,0.6870351690826029,0.541681011038234,0.7047205398811236,0.5411434970404735,0.7046991157056383,0.5355904655255159,0.6823683151228979,0.57472148456247,0.7187285462487262,0.5619687008825116,0.4790448635144224
tabicl_model_input,0,95.0,1840.0,1840.0,1840.0,0.7679347826086956,0.6874272703872667,0.7295874944861797,0.33548984381366,0.0771250741891226,0.8405860421258279,0.397391663245171,0.3794807470989006,0.0179109161462703,0.3257433118016345,0.6344856224716745,0.0130319593688097,0.0340560354121998,0.7705266088893529,0.4724854770201819,0.7484084720171177,0.4575622848119847,0.7679347826086956,0.2320652173913043,0.7906178489702517,0.2093821510297483,0.8007246376811594,0.1992753623188405,0.8260869565217391,0.1739130434782608,0.8571428571428571,0.1428571428571429,0.9195652173913044,0.0804347826086956,0.0986360167779579,model_input,0.7755402742350638,0.4853573102723495,0.7705266088893529,0.4724854770201819,0.7651068780858903,0.4583326785939723,0.7484084720171177,0.4575622848119847,0.5323584447527226,0.254873213115915,0.2773004125311839,0.1131851955790244
tabicl_model_input,50,95.0,1840.0,1840.0,1840.0,0.7576086956521739,0.672678829263623,0.7485860606238206,0.3485406849936068,0.066904315095397,0.8245130107475711,0.4442638505632714,0.4227373789149557,0.0215264716483156,0.3753174003595795,0.6597601545631516,0.0171155156995966,0.0353131814970022,0.7524206882796869,0.4703439458455309,0.6938207307422586,0.4109420150364753,0.7576086956521739,0.242391304347826,0.7774599542334096,0.2225400457665903,0.7940821256038647,0.2059178743961353,0.8213315217391305,0.1786684782608695,0.8571428571428571,0.1428571428571429,0.8956521739130435,0.1043478260869564,0.1138574830524116,model_input,0.7520282311765348,0.4707526694385092,0.7524206882796869,0.4703439458455309,0.7479556845159588,0.4614731308889991,0.6938207307422586,0.4109420150364753,0.5443573032406662,0.2935469524000218,0.2078789489884085,0.0159292138822736
tabicl_model_input,100,95.0,1840.0,1840.0,1840.0,0.6592391304347827,0.5350514869784351,1.0470094985144596,0.4939861529287424,0.1281051422064266,0.783883678345457,0.5391188834339172,0.51512689460584,0.0239919888280772,0.4758071708252072,0.6616023083053131,0.0208972912999809,0.0299790192931185,0.6706913803282094,0.4721876853585818,0.6314198521861123,0.432442727516545,0.6592391304347827,0.3407608695652173,0.6681922196796338,0.3318077803203662,0.6805555555555556,0.3194444444444444,0.6956521739130435,0.3043478260869565,0.7212732919254659,0.2787267080745341,0.7782608695652173,0.2217391304347826,0.2118477135441387,model_input,0.6728700639404852,0.4732195063683116,0.6706913803282094,0.4721876853585818,0.6706558797503389,0.4670210127737787,0.6314198521861123,0.432442727516545,0.5085904824265566,0.3552951556604076,0.2134020290576294,0.012168304073767
tabicl_model_input,150,95.0,1840.0,1840.0,1840.0,0.5733695652173914,0.4162865901906728,1.2007504176997856,0.5842125248699702,0.1601837625684516,0.7328964377193814,0.6471658542822432,0.6164763956165574,0.0306894586656857,0.5763205063392964,0.7423783919635282,0.0267149350146341,0.0360310159292009,0.6573453678268482,0.5496708168326623,0.6095378392248015,0.5085009470659665,0.5733695652173914,0.4266304347826086,0.5806636155606407,0.4193363844393593,0.5935990338164251,0.4064009661835749,0.6114130434782609,0.3885869565217391,0.6281055900621118,0.3718944099378882,0.6956521739130435,0.3043478260869565,0.2954717212146876,model_input,0.6618625290548495,0.5593131068944173,0.6573453678268482,0.5496708168326623,0.6566812569807107,0.5441454604791276,0.6095378392248015,0.5085009470659665,0.5509765448123887,0.4749823094954295,0.2517808402204647,0.029116562983903
tabicl_model_input,200,95.0,1840.0,1840.0,1840.0,0.4853260869565217,0.3036736879543158,1.659604537524737,0.7424452279893324,0.2264964200321403,0.7118225069886621,0.7205261865987668,0.697036129390539,0.0234900572082277,0.6930296148312901,0.7464548440310336,0.0233312048674102,0.0236398514430218,0.5430918170305001,0.5514254900413733,0.5324115406582466,0.5214185315261721,0.4853260869565217,0.5146739130434783,0.4897025171624714,0.5102974828375286,0.4939613526570048,0.5060386473429952,0.5006793478260869,0.4993206521739131,0.5077639751552795,0.4922360248447205,0.5010869565217392,0.4989130434782608,0.4650638414601493,model_input,0.5630499331300234,0.5712759191066197,0.5430918170305001,0.5514254900413733,0.5449861707448878,0.5534337676815277,0.5324115406582466,0.5214185315261721,0.525851069742252,0.544870528357148,0.3946273286146513,0.0432961525773032
tabicl_model_input,250,95.0,1840.0,1840.0,1840.0,0.3380434782608695,0.1129964589041718,2.231959620869033,0.9461860446376212,0.3684185701080977,0.7064620483689673,0.7557491926951481,0.7378369453542057,0.0179122473409422,0.7121003038137639,0.7780395119761176,0.0168463422246518,0.01845657655468,0.5517769365202562,0.6922752194167247,0.5393930274183074,0.6829060845006478,0.3380434782608695,0.6619565217391304,0.3392448512585812,0.6607551487414187,0.3454106280193236,0.6545893719806763,0.3457880434782608,0.6542119565217391,0.3579192546583851,0.6420807453416149,0.3619565217391304,0.6380434782608695,0.6078535969682404,model_input,0.5763401601909197,0.7120379568470243,0.5517769365202562,0.6922752194167247,0.5514918241384591,0.6933719516606281,0.5393930274183074,0.6829060845006478,0.4923323248802791,0.6508121747987876,0.3571472895997839,-0.0600625536985125
